radius; 0.08272320739110339;sin; 0.05246786548121422;Return; -0.04988215973885759;Right_Para; 0.048680439230467935;Left_Para; 0.0486255701305777;Comma; -0.03280186779922359
outcomes; 0.07171946510848572;sets; 0.050537777309639216;De; 0.04918708924050152;Morgan; 0.04811103343086165;countable; 0.04545736858006648;uncountable; 0.04212590834584594
object; 0.07139960820862927;underscore; 0.05483071495988894;print; 0.05349278384752748;Return; -0.053437985466852404;self; 0.05143713764395642;Python; 0.051092036702328085
AUDIENCE; 0.14992490612913537;PROFESSOR; 0.10792337163730208;hash; 0.07904730185747971;Comma; -0.049448022241682994;iterator; -0.04937083009438735;Return; -0.049167713939760806
AUDIENCE; 0.17732010186746341;PROFESSOR; 0.12492649814601489;Return; -0.07581726998937804;hash; 0.07577899395537686;log; 0.0588878887933545;Comma; -0.05450718394365282
Right_Para; 0.1131500021989735;Left_Para; 0.10417458961911251;sin; 0.08867906485510126;dx; 0.08836484211316183;Return; -0.07575661279240217;Period; -0.07335709955281254
Return; -0.043272004495462445;ki; 0.03483824091554548;algorithm; 0.0327452298599945;sorted; 0.03206915980384356;SHANKHA; 0.03126298363193442;processes; 0.03038990664812004
st; 0.11587825690422322;Laplace; 0.07524434424820606;sine; 0.06416046465200907;Period; -0.05184246747434842;transform; 0.050576542861780226;careless; 0.04291504487603926
row; 0.13496568262573375;matrix; 0.08358066703180973;elimination; 0.07543626580619954;matrices; 0.0447716976997736;entry; 0.03253815140880556;Return; -0.031091774481823955
composition; 0.09773195007743003;identity; 0.07587063694533892;mapping; 0.06929371721498216;member; 0.054875955538385486;Return; -0.04176711157770565;inverse; 0.039392490627054064
population; 0.2849350338993275;naught; 0.08658704167917074;initial; 0.048394950289412215;logistic; 0.04700380731950982;Period; -0.037566783482531105;differential; 0.0348337388893636
string; 0.2570169586875849;BELL; 0.07479287938673866;print; 0.04849750326948068;Period; -0.04785912993179204;Perfect; 0.035893398341379876;13; 0.03572141284208887
stages; 0.08009559317874444;stage; 0.06629014160861564;subsets; 0.060159667257281606;digit; 0.04764202168658428;slots; 0.04725651823059732;elements; 0.04552022331841983
conditional; 0.046939786948951207;probabilities; 0.04286168404106077;PMF; 0.040324630170986066;random; 0.03712219389523198;Return; -0.034401459429939205;event; 0.03289476932769284
BELL; 0.18590329930227129;print; 0.1335478704202404;file; 0.09368147353253511;Return; -0.06534196800426108;message; 0.05817637975234919;integer; 0.045502588791171146
Return; -0.1340576829367668;learning; 0.09976908188753245;PATRICK; 0.09609343760094055;WINSTON; 0.08656001752907129;Period; -0.07422329453982814;neurons; 0.06007163419122406
REN; 0.18053943375633405;LING; 0.17179831824684694;subproblems; 0.08172703607181946;Comma; -0.0807093003225425;AUDIENCE; 0.06471710907166829;Return; -0.05251689361886016
intersection; 0.0755089313309235;Dash; -0.03404487667995883;of; 0.02770397248753248;choices; 0.025610947521404425;sets; 0.02398305168694948;Period; -0.022111105862516876
edge; 0.10672926883393472;shortest; 0.10196755769975357;path; 0.0998291684296375;Return; -0.0641400803129921;AUDIENCE; 0.06199122117660482;flow; 0.06116383283421277
delta; 0.11147489134841368;ds; 0.09404829587292765;Comma; -0.09111673056131912;arc; 0.09012960734025098;trajectory; 0.08724745913392389;Return; -0.0758811520354182
hash; 0.11082279413604629;hashing; 0.09753704793768131;keys; 0.09507788287197755;Return; -0.07959389773054384;Comma; -0.06308007282266402;key; 0.060184740661714406
bus; 0.08843304154839013;probability; 0.07034528910545865;random; 0.06652245335487453;student; 0.0564179362100254;expectation; 0.05326840390461209;PMF; 0.041398804259733156
psi; 0.12342065101536308;partial; 0.05370749785284608;differential; 0.04907389386980774;respect; 0.04451948914662795;derivative; 0.02993030931742123;Return; -0.026608901973351747
theta; 0.11444169326773083;Return; -0.09685755602884802;likelihood; 0.0939544690805749;concave; 0.07568491580522634;estimator; 0.07199863036871551;KL; 0.0628732369702502
print; 0.17164440644311266;user; 0.14351524113612518;program; 0.054937979873571685;code; 0.05152599696130499;Return; -0.04860871718675433;percent; 0.04475691770152798
equation; 0.056698930381071946;delta; 0.05447132140908083;Return; -0.044345621507207625;derivative; 0.044089254226204085;squared; 0.042987061004523264;minus; 0.03803845097518292
determinant; 0.04966830600435444;matrix; 0.03433433349337247;row; 0.030302647595975077;column; 0.024418860105807662;submatrix; 0.023473638344160986;a3; 0.023145723773618086
user; 0.06445281091526146;print; 0.06387385347337296;loop; 0.06358594906567551;Return; -0.06328226378068927;code; 0.05375414163619469;Python; 0.05168776697527131
matrix; 0.05135562869486206;subspace; 0.041406185357866415;combinations; 0.041047449269317776;vectors; 0.03892062052692528;b_1; 0.038245301806183796;Return; -0.033446933977935384
LCA; 0.05592517486368652;path; 0.05256865475238921;you; 0.045480298733535415;log; 0.03815241194804103;min; 0.034684950365017425;reduction; 0.032364572858989644
probability; 0.11233353882501372;event; 0.0694558675857263;intersection; 0.06802669151588603;complement; 0.05714749163522912;events; 0.0487795509814731;Return; -0.0391369158133822
gt; 0.028424066953815944;Semicolon; 0.020872017868175906;PHP; 0.013765939848266842;browser; 0.012092492613187174;HTML; 0.009713351744841208;DAVID; 0.009593898045300938
matrix; 0.07441581595883488;eigenvalues; 0.06441957271724934;eigenvectors; 0.054304600127004186;eigenvector; 0.0431895281286995;column; 0.03690267691210386;Return; -0.03383547827965547
gradient; 0.14184832740468323;Return; -0.116658092327486;tangent; 0.07654797335153678;lambda; -0.07471872247567428;hyperbola; 0.0689576782946364;pyramid; 0.0669865157162722
toss; 0.018558337861684343;probability; 0.01699438105171174;coin; 0.014621977902504975;independence; 0.014158310719963329;probabilities; 0.013943921622049679;Return; -0.011162426332261676
codomain; 0.022212813904524408;b1; 0.020629041666342687;null; 0.019757840223775615;vector; 0.01966138184951098;x2; 0.01721378872423039;b2; 0.016516184948280794
Left_Para; 0.1008914157108699;Right_Para; 0.09639745461336233;integral; 0.09296345854704563;dx; 0.0754040145645338;Return; -0.07504239148708526;Period; -0.0694489659937042
relation; 0.04806675764908837;relations; 0.03411276105760969;congruent; -0.03367172234540601;diagram; 0.03315101964658864;modulo; -0.02919613020569988;elements; 0.024860359853087006
outcomes; 0.03880707145731503;axioms; 0.02986951376866468;outcome; 0.027740510428344863;probability; 0.02348659858859099;probabilities; 0.021022351375204716;probabilistic; 0.01880476522715191
determinant; 0.08484821547455583;cofactor; 0.06833814644153206;row; 0.06079928403551197;column; 0.03720235877093688;matrix; 0.033751141767259754;Return; -0.02911563324884843
theta; 0.1066730270597366;Comma; -0.08929165739745527;partial; 0.08767353249387781;Return; -0.06430682005771805;OK; 0.06322113998408414;dz; 0.059055630742651445
Return; -0.06740112410178359;integral; 0.051926822032530684;surface; 0.05156347370953401;flux; 0.05143883410401791;bounds; 0.04558858103628098;dS; 0.04511434023517343
projection; 0.0724631564187456;vector; 0.05698534928723732;scalar; 0.03325854113357634;dot; 0.03012579052885077;orthogonal; 0.026562979694612573;Return; -0.022418615471744428
okay; 0.03009117416872284;Okay; 0.024992538756795583;h1; 0.021896748259945413;gradient; 0.021285638254406526;derivative; 0.019906591854225657;Period; -0.016189612375775406
vertex; 0.11597497594098774;shortest; 0.099410578387816;Dijkstra; 0.08530421441230628;Return; -0.06410148962990363;vertices; 0.060743612266266324;edges; 0.05683918805467479
subspace; 0.0294832495515731;rank; 0.024335544711286496;basis; 0.022621244519807137;matrix; 0.021210416444034742;matrices; 0.017885818482567133;dimension; 0.016104808222623054
beta; 0.10980257365029521;gonna; 0.073269913552962;gamma; 0.0690082606325394;PDF; 0.058504355722203284;Comma; -0.051857650828830135;Okay; 0.05097537193730841
Return; -0.11679319691526034;DEVADAS; 0.11254260221606566;SRINIVAS; 0.09858914868660308;NP; 0.08130893011722966;subproblems; 0.07855834055524971;greedy; 0.06434686783035504
Return; -0.09760736970132847;Wronskian; 0.0697838621794116;inhomogeneous; 0.0628992131126548;solutions; 0.04660191299269572;prime; 0.04527541333554201;homogeneous; 0.044213345364771506
gradient; 0.18609829393523397;surface; 0.1235945044638177;Comma; -0.09719790761652962;tangent; 0.08914642186710545;partial; 0.07298870103155358;Return; -0.06836824024447795
Return; -0.11105660413738357;raised; 0.0810529735606705;precision; 0.07862465178997585;complexity; 0.07472112406124111;digits; 0.07274240644285714;algorithm; 0.06414851870181044
wheels; 0.038410758935197985;attribute; 0.03545929958273115;mycar; 0.02564942090469243;doors; 0.025020197319732082;object; 0.02455271350203384;init; 0.022318236991495325
tosses; 0.020087899478550438;event; 0.017422962020118518;probability; 0.015212967244151703;probabilities; 0.014434963476843692;conditional; 0.013612843519977415;outcomes; 0.012547546540714008
Return; -0.09206450751800839;DEVADAS; 0.08228121759182916;log; 0.07981644326986134;SRINIVAS; 0.06617711209133383;search; 0.06212791955500142;levels; 0.037551872535235765
Return; -0.07172222214835679;code; 0.05675560156239041;percent; 0.052437546173667346;Python; 0.04601306205847819;abstraction; 0.04458577590314992;car; 0.04338795072770505
row; 0.048078655708190546;transpose; 0.0449238780087042;column; 0.038359075638432105;rows; 0.028452741927109903;columns; 0.0257288244136445;matrix; 0.023185812967861423
determinant; 0.04600306997838848;row; 0.04198301115316706;submatrix; 0.02739988668368313;scalar; 0.025780586607983578;matrix; 0.02346453433211142;ai1; 0.018943014476800187
Laplace; 0.1761739152914192;transform; 0.11219136498065348;st; 0.041684308077959434;Return; -0.0400503093151089;improper; 0.03655095942616534;infinity; 0.027869556504005567
Return; -0.06976819664620514;particle; 0.06519528696761902;particles; 0.06280783900451765;beta; 0.061621475158908784;energy; 0.05302058244019043;quantum; 0.050965957376176124
random; 0.06350773892876267;numerical; 0.050659389445029866;probability; 0.050057160501275504;Return; -0.04603680497580554;outcomes; 0.04376173487991191;experiment; 0.04201463657249964
Return; -0.06757329379079326;neural; 0.06542637733080002;produce; 0.04767747940424244;recognition; 0.03867587230231099;model; 0.035500701646180216;models; 0.03353243821922942
cost; 0.09378602184879947;Return; -0.06529091193892844;costs; 0.06116354768034847;table; 0.05743818445284242;doubling; 0.055867814518950634;you; 0.05310339094889544
rank; 0.08689208108125979;select; 0.045253678528240575;you; 0.03725913134689828;parent; 0.03708921648887297;paren; 0.03377994419766247;Catalan; 0.02945955490754387
Comma; -0.06911949068807405;Return; -0.05631203501809754;OK; 0.0526332274922594;critical; 0.05026672255286872;minimum; 0.04061457507176971;derivatives; 0.034283333782473745
plane; 0.10182486765866715;c_2; 0.06455882476962109;vector; 0.06121256673300991;S_0; -0.05798902724707604;pivot; 0.057722641349718495;c_1; 0.05683111549988071
cache; 0.08242018748287973;Return; -0.06866818122409328;log; 0.06040317784711855;items; 0.0528406116578946;DEMAINE; 0.04760831836334424;ERIK; 0.04531368158402697
Laplace; 0.20131318469832568;convolution; 0.11791552188724892;transform; 0.10183888009573068;Return; -0.10051705892930314;Comma; -0.08002698916881401;integral; 0.04226359815159499
balls; -0.2429601853481532;probability; 0.09515551433114747;sample; 0.0668583500077586;event; 0.06318978167931338;cards; -0.05652787264782225;subset; 0.03742720396290885
slot; 0.09648834825928708;grade; -0.09292551230787363;expected; 0.06164822948072882;probability; 0.049142474681793114;Yi; -0.04618956950834621;process; 0.04213328305225135
characteristic; 0.09641915193255955;c2; 0.08235781590667918;c1; 0.07194781428551304;rx; 0.06725373987850351;derivative; 0.06648317782393849;Return; -0.05248788466427215
Laplace; 0.13821293315676492;Transform; 0.12924468170246028;prime; 0.03135417700687896;Return; -0.024344385511659027;derivative; 0.024151300404627374;2s; 0.020345689130225254
Comma; -0.11866915268033514;integral; 0.10563263352495444;plane; 0.093412514006247;bounds; 0.08647682443645424;polar; 0.0815445332451434;Return; -0.06578397806138747
complement; 0.061445872185121965;union; 0.05472699697969625;sets; 0.05375883014576071;belongs; 0.044797361666765664;belong; 0.04396505053683941;intersection; 0.042540373296967554
theta; 0.09296722403481149;Return; -0.092509558057663;RIGOLLET; 0.08456363892756147;PHILIPPE; 0.0783788386182732;chi; 0.07797793045622001;psi; 0.07525705777441741
Laplace; 0.21044150903520542;transform; 0.10679959984393599;Return; -0.07929883074325861;integral; 0.056915593827103275;st; 0.05106144552880765;function; 0.05055170567317754
transformation; 0.05187962042561171;vector; 0.032582136031479955;a1; 0.020378305956950546;b2; 0.017731580027560673;b1; 0.017093483718325395;Return; -0.015573175767774984
Left_Para; 0.10214280485283335;Right_Para; 0.09711907794505975;Period; -0.07074550008825276;tangent; 0.07062806729358057;Return; -0.06767798359864653;speed; 0.057912433567704966
Return; -0.14083162053671433;gas; 0.10255663230018171;equilibrium; 0.09776946025128479;heat; 0.08047717975795976;temperature; 0.07664165143107704;energy; 0.06701146391189676
print; 0.18999268353646268;character; 0.12468239688855517;s2; -0.11379890342045118;loop; 0.11021359033934464;s1; -0.10509643104407675;char; 0.07326446339531972
print; 0.20728572638297377;return; 0.07769893543524826;printing; 0.0544456270271206;printed; 0.05185550021820957;BELL; 0.049404643490877156;console; 0.03403783126884319
AUDIENCE; 0.11951260770640561;document; 0.11844498551757193;PROFESSOR; 0.09299896954596376;Comma; -0.0545127986812107;Return; -0.04814816819442097;Period; -0.040971780431410976
vertex; 0.1840330785350485;Period; -0.0974150198878973;Return; -0.08986106930684715;algorithm; 0.08973209565318489;polynomial; 0.0807860809867463;vertices; 0.07993073344100372
Dirac; 0.1612168819355454;tau; 0.08628207458505818;spring; 0.06391602158727215;Laplace; 0.061497289279660215;impulse; 0.06043313840182728;Return; -0.059871416962412334
Right_Para; 0.10663591519027352;Left_Para; 0.10577648096405601;delta; 0.09832210980726544;sin; 0.0805194529985887;Period; -0.0648519259195533;Return; -0.05999592704669049
determinant; 0.14458623024672368;columns; 0.06080433026799924;matrix; 0.05238564968444922;Comma; -0.05126061601462511;diagonal; 0.04881721954888331;product; 0.04778027087342932
determinant; 0.11230776008728013;row; 0.07576535915970889;matrix; 0.06706207641268386;Comma; -0.028942090322037053;rows; 0.02804645805872104;transpose; 0.02755589635409917
Return; -0.0615387461125015;home; 0.056560398386134976;dollars; 0.052526564640720856;boundary; 0.045404378705384524;bet; 0.038698593128052954;0; 0.03542572235417433
Comma; -0.1192794371921189;Left_Para; 0.1185830001844605;Right_Para; 0.11036505231041882;plane; 0.08879316264520426;Return; -0.08871001474221023;wheel; 0.08337296876245114
vector; 0.06985384774993207;vectors; 0.06573852655248988;length; 0.043241075479076914;Return; -0.04127167024694772;dot; 0.04056043259981725;perpendicular; 0.03649754689572018
probability; 0.11174248191924015;color; -0.09172612479374054;obtaining; 0.08518729023897476;n2; 0.07047075198663884;sequence; 0.06772661101159144;outcome; 0.0662479607783059
matrix; 0.09836879811488879;2b; 0.06344011055035645;null; 0.05077530498524243;determinant; 0.05016298831615784;eigenvalues; 0.04686042248963655;Period; -0.034110573585192774
AUDIENCE; 0.13773446290493918;PROFESSOR; 0.10737533077993443;neighbors; 0.0649815807730751;Return; -0.05855655904734033;vertices; 0.05739021878226767;edges; 0.04831582227307675
return; 0.13246094964057012;BELL; 0.1154009549586778;divisible; 0.10539943290540812;Perfect; 0.09427493359308974;program; 0.07126010325978524;is; -0.060917122779898275
boy; 0.06678553233047466;girl; 0.06512406925116729;she; 0.04974555735650672;Jennifer; 0.044626080798929324;Return; -0.04438278156622408;All; 0.03970874550676117
subtree; 0.058776999584025234;node; 0.054079094815534606;address; 0.04215637160454261;tree; 0.029769103234881283;visit; 0.028384097900543064;Return; -0.022611512519247187
Return; -0.08000826724869838;Right_Para; 0.06468073592680622;Left_Para; 0.06039530991984762;differentiate; 0.056151839306541725;tan; 0.045727124263252164;cos; 0.043553575802886116
transpose; 0.0567902758185724;null; 0.05073314192766419;row; 0.03966114549033394;columns; 0.03859182699860357;matrix; 0.03395651771071461;currents; 0.029085013433224702
Right_Para; 0.06321566769431235;Left_Para; 0.06181501290124583;Return; -0.061216325901588264;ln; 0.057570348160958004;Period; -0.05239575300927857;dx; 0.044213296363129866
Return; -0.09996732237873175;dA; 0.08507165453789219;region; 0.07523142683571697;inertia; 0.07250398213942076;integral; 0.06656528298812006;polar; 0.06542259554918357
probability; 0.12444301538584834;normal; -0.07041442716158408;variance; 0.0571673403975891;random; 0.05113267953727609;phi; -0.04705834124582649;expectation; 0.03583400809079457
row; 0.029488972297608426;transformation; 0.02428054227416603;matrix; 0.020739975545451927;echelon; 0.016725074325538842;column; 0.01211577603402241;identity; 0.01169629521492247
Period; -0.07584769313836649;hypothesis; 0.07141235423196893;E_out; 0.07106956338969297;Return; -0.06954067214869167;E_in; 0.057077330141005155;growth; 0.056704229151613376
list; 0.08906235483817283;lists; 0.065566885123304;bubble; 0.06547064389858215;loop; 0.06095849519925101;Return; -0.05205878338833243;Period; -0.05132042436065933
outcomes; 0.08969156217447499;conditional; 0.057506612979745436;event; 0.05163355471894313;probability; 0.04064132044521664;die; 0.03582865210868597;Return; -0.02864731691111061
probability; 0.13191970851239354;Al; 0.09900256423722452;B2; -0.06065261581651601;arrives; 0.05683577443761826;random; 0.05608940761344776;expectation; 0.048292257768847525
antiderivative; 0.09092110269184721;homogeneous; 0.0816790815309128;log; 0.07811404706734676;derivative; 0.07657409873733614;prime; 0.06940319709185619;Return; -0.06699745403037308
gt; 0.08427037989449158;Semicolon; 0.045245434626230104;Comma; 0.027158673095720766;translation; -0.02529587981540952;recurrent; -0.021408883081408283;gate; -0.02085582819943027
Return; -0.10726258643581893;liquid; 0.10250976665917216;energy; 0.09110440494009414;heat; 0.08599887913663094;momentum; 0.07845209198276133;particles; 0.06349339314236128
population; 0.3206260833642896;50; -0.09244480145352404;Natural; 0.05779890542574119;natural; 0.057552235880587575;sides; 0.05358085594768566;log; 0.05256619544669602
w2; 0.10980557344583193;w1; 0.09993541098906471;support; -0.07509808303984493;vectors; 0.06702338753576599;vector; 0.060797070150468424;phi; -0.053044721769535556
differential; 0.22894097650124737;derivative; 0.18483319965565279;equation; 0.07023015632902287;solution; 0.06254487834357478;Return; -0.05225083247600054;Period; -0.04092526930781443
probability; 0.05115162102855784;subsets; 0.04941921489951596;heads; 0.04699885443647589;event; 0.04440784493300022;outcomes; 0.044296791304241856;Return; -0.03787413580013099
Return; -0.08839008004049044;particles; 0.07434352470516072;temperature; 0.07267307899602143;Tc; 0.06471765091571344;pressure; 0.06383716587821868;energy; 0.06109225041631565
mu; 0.1546568757610008;roots; 0.09347662454433715;Return; -0.05020859670149012;Euler; 0.04868851747562053;characteristic; 0.047718637836721055;cosine; 0.04650615176983453
transformation; 0.025859100431632878;vector; 0.019173186874646343;row; 0.018551928726784635;x2; 0.017335021898265555;R2; 0.016506780410557968;x1; 0.016281327284601806
gonna; 0.10148283686263163;CDF; 0.09076994270542382;okay; 0.06972098541992452;distribution; 0.06459458224265256;Return; -0.06458985350805722;cuz; 0.04997720082063941
conditional; 0.03968902946721725;events; 0.03913510289649195;independence; 0.03156103485154606;probabilities; 0.026219671598761048;event; 0.021272609748811865;probability; 0.019777254249223525
probability; 0.08643727720827529;Return; -0.07015312234243964;axioms; 0.0639253207279657;events; 0.06029015300974823;event; 0.053314340544755624;sample; 0.047878286987561726
member; 0.08857571030649088;composition; 0.07516456494753523;unique; 0.06813253611516347;invertible; 0.06119046814064391;mapping; 0.046797641310633804;Return; -0.03881719794569772
x_0; 0.23292616590988371;Return; -0.10131780665736102;delta; 0.08310197461609652;Left_Para; 0.05757159559096613;y_0; 0.05500112232781088;Right_Para; 0.05395939568006818
b3; 0.045932431130075696;b1; 0.03745621176818426;b2; 0.03670423339292018;a3; 0.034423673106489965;length; 0.024295779027267768;a1; 0.024100846397423083
row; 0.016557005753497337;vector; 0.015827023318511442;column; 0.01351243974223483;matrix; 0.011859187760706387;vectors; 0.01010226128118324;transpose; 0.009231316463828585
transpose; 0.07803654868804942;matrix; 0.0635097599110654;subspace; 0.06343252829922096;Return; -0.055778053169560964;perpendicular; 0.05221840136108084;vector; 0.0497855846855823
Return; -0.09916235451560394;dt; 0.07378462708761865;dv; 0.0612660206680325;sub; 0.060655553481893006;df; 0.06025589786669784;dz; 0.05853662986471968
list; 0.0856333818685944;Return; -0.0743551477662402;loop; 0.06753301765880598;code; 0.05755426723267913;growth; 0.04971518616725157;recursive; 0.04808852266843379
vector; 0.08152126471245111;plane; 0.057261481832789;magnitude; 0.04652618039941847;hypotenuse; 0.03353527346701845;dot; 0.032274886923157456;Return; -0.031856632407824104
conditional; 0.05823909029113236;probability; 0.05620169277182389;coin; 0.046311011838489874;PMF; 0.04490683785534082;roll; 0.04313029270346455;Comma; -0.03495645929968181
probability; 0.09994944281041682;expectation; 0.09600886646196252;conditional; 0.08178222116533271;Period; -0.07893579175678932;unconditional; 0.052142330903635625;variance; 0.043466683884364525
node; 0.03530015906022608;queue; 0.031159490624385597;enqueue; 0.027101773147607793;address; 0.026561337593050145;visit; 0.022925372718601487;traversal; 0.021626565578401712
gonna; 0.12865925176764278;Return; -0.08004736788191918;okay; 0.07578559062028338;Okay; 0.06382257261872053;Xn; 0.058490365423271455;wanna; 0.05578269451541078
slope; 0.3023652194565476;negative; 0.0792060342097017;visualize; -0.0665720095043942;solution; 0.04899835524413154;plane; -0.03896408196875289;respect; 0.033932325079571765
flow; 0.1258344942835682;Return; -0.11142660674414778;edges; 0.08306202701899988;Ford; 0.08301185066409734;edge; 0.07760142354587433;capacity; 0.07754128359682678
gt; 0.08291867863556382;Semicolon; 0.06383897093139858;DAVID; 0.03027931389048982;MALAN; 0.02993671374825572;int; 0.017373120366172477;Comma; -0.013203792872155659
renewal; 0.05782848055270917;arrival; 0.04011781565343882;Return; -0.03840793645769077;stopping; 0.03692128510541158;sample; 0.03476642459423234;probability; 0.03248071076823283
matrix; 0.06878270480682015;transpose; 0.049296457984743115;columns; 0.04338079519203813;null; 0.04052411163577058;eigenvalue; 0.0393238768492918;eigenvector; 0.03901670529779284
vector; 0.15381554470980566;vectors; 0.06084510030107375;Return; -0.04167842764975763;direction; 0.03880882306094775;members; 0.03435853388201576;magnitude; 0.03409662583612944
eta; 0.07391242544217587;Return; -0.07191014142014303;beta; 0.06525400692254686;density; 0.05346522455126699;particles; 0.05322209784282523;gas; 0.051395886542260454
probability; 0.0449109740072496;sequence; 0.03420775796725193;tosses; 0.0339044700839459;toss; 0.03137974666066852;heads; 0.03063289927474202;slots; 0.029066473852189634
subspace; 0.05597707831722938;null; 0.027863051416542436;column; 0.022847215346512698;vectors; 0.022364052625844327;vector; 0.022083203171367097;columns; 0.021569550873018106
event; 0.013405551026595342;scenarios; 0.010690654687529782;events; 0.010450413384803178;probabilities; 0.010356279838466346;scenario; 0.008874279152235856;probability; 0.008655855192644085
init; 0.06803413721371801;print; 0.062360235485902346;BELL; 0.05548989376694648;class; 0.05257451252926392;name; 0.05061742298503133;method; 0.05017431840298771
PDF; 0.10205983729779117;derivative; -0.08294329486633976;random; 0.06538330793455573;beliefs; 0.05370616247274004;conditioning; 0.053676806905042965;caution; 0.04821995333513111
Return; -0.07722383169195925;rho; 0.06868232745086128;ensemble; 0.06842369764994856;density; 0.06580318485161349;Poisson; 0.06434878117537915;particles; 0.06124168231755691
structures; 0.10232966100188705;data; 0.07530790326454856;uh; 0.071700703133748;store; 0.06966441080894696;logical; 0.06263981279300346;linked; 0.057351324645497914
prime; 0.06427569504742234;Return; -0.03437747006136484;equation; 0.03405367104661822;derivative; 0.032724119964045485;zero; 0.03243187681909768;Euler; 0.03164045986740473
probability; 0.11627100287510078;conditional; 0.08055823762456504;PDF; 0.07071144985916802;Comma; -0.05072831629026382;PMF; 0.04875316898134493;Return; -0.03259844453707603
matrix; -0.08651587668476293;list; 0.08515611859425351;Okay; 0.0798319752304188;node; 0.07684950173813929;social; 0.0755722138622193;adjacency; -0.061412892759200824
code; 0.06783717409757892;print; 0.06685011718414993;Return; -0.0570663563426293;program; 0.05012462288192886;debugging; 0.047208289899077514;user; 0.04575847361924764
heap; 0.07697054688863181;PROFESSOR; 0.07597638859240048;AUDIENCE; 0.07428426345765442;Return; -0.0723028547728725;min; 0.07082303266361134;subtree; 0.06967593523872471
solution; 0.08713653911687917;imaginary; 0.07829554960144483;derivative; 0.07746042101915747;alpha; 0.07689416415290252;Return; -0.07209182940538487;Comma; -0.06694307941659593
pivot; 0.02510677437927592;rank; 0.023401712902395743;row; 0.01999141856171676;matrix; 0.019214965742918987;Ax; 0.018799096912609572;null; 0.017659711924198115
ranges; 0.08649248245049837;obtain; 0.0809435865959932;sequence; 0.06061038402468345;carry; 0.05880040490398313;infinity; 0.05638938339944268;Return; -0.048238074091654384
subtree; 0.07659174708971134;node; 0.046625670404912826;traversal; 0.04508211679489718;visiting; 0.030157211613504167;tree; 0.02496564389551574;data; 0.02395618014459785
mod; 0.07913364942529517;Return; -0.07372739007507788;key; 0.06116341326606862;DEVADAS; 0.05328881333705595;SRINIVAS; 0.052590476935386175;RSA; 0.050670219230370656
differential; 0.10735422608938126;homogeneous; 0.0854237434304921;equation; 0.06021218761216156;separable; 0.058188519300951674;Return; -0.05693632965856411;dx; 0.05400725474288598
VICTOR; 0.19936273366772728;COSTAN; 0.1947118998471443;AUDIENCE; 0.05815590788495382;keys; 0.03451539614843319;Period; -0.03373573935923636;Return; -0.03008200974276056
R3; 0.06493529594444822;vectors; 0.048214361879221665;span; 0.045587454087995145;vector; 0.044126890131672494;linearly; 0.03518125375963847;Return; -0.02531301558030836
gt; 0.10768960709207831;Semicolon; 0.08311747714341265;MALAN; 0.030893146651935606;DAVID; 0.030349345936816916;Inside; 0.012103201064284383;int; 0.012054097794287389
ln; 0.17028455470559345;Left_Para; 0.08976259781962935;Right_Para; 0.08909632671322205;Return; -0.07036658480294555;Period; -0.05633799716570424;logarithm; 0.044414426084808147
variance; 0.08174610493110139;LOTUS; 0.07606220997418829;sigma; 0.06448427795474476;gonna; 0.06320537947090596;okay; 0.06135653319729136;Return; -0.05005738025395063
vector; 0.1319936001883084;direction; 0.04992238823075606;dimensions; 0.04153870412942133;horizontal; 0.03640256203921221;Dash; 0.036065309588619365;Return; -0.03186268667460515
rear; 0.00962014300058362;node; 0.009158870377677665;queue; 0.007822385093291898;enqueue; 0.007813119604140781;address; 0.0076037355509115025;temp; 0.007238958186021515
probability; 0.21511460159397877;probabilities; 0.03288656143008549;conditional; 0.03177238382208709;Comma; -0.030122475413039307;dog; -0.02692988863513312;table; -0.026191983829269898
log; 0.06396319073691531;successor; 0.05819618773731662;rank; 0.05137312835257596;suffix; 0.04730051002423872;suffixes; 0.04682139308473829;SA; 0.03762408656150593
row; 0.07291031363280448;matrix; 0.0609988608257111;x_3; 0.04926993354346875;x_2; 0.042355327201774595;pivot; 0.034105421276644544;x_1; 0.030803957525384177
gt; 0.054114755457497436;vectors; -0.047444031873541286;Semicolon; 0.030085419599517757;vector; -0.029830659598315042;Comma; 0.021610224994825282;instance; 0.018802750091547263
Return; -0.09819768274239576;shortest; 0.09192986235472865;edges; 0.09038095173970759;path; 0.07702293666843849;vertices; 0.0741324132506017;weight; 0.06694258456310469
edge; 0.07967121088013053;DFS; 0.0768516853479687;cycle; 0.0752768074614504;edges; 0.06826218469274671;Comma; -0.061490843156128405;parent; 0.058855324675467335
directed; 0.10654483653569327;undirected; 0.09144688781067314;walk; 0.06486890128205261;lesson; 0.06139518195112066;Return; -0.054885345678173526;cycle; -0.04998127882232791
vectors; 0.04199806136703424;linearly; 0.040082966873180734;vector; 0.036489090120459616;v1; 0.03417415058400819;vn; 0.022655187287508163;Return; -0.019418198187472258
transpose; 0.12510012543780374;column; 0.07192621631085966;matrix; 0.0693998403871979;row; 0.059237861166469036;projection; 0.058650545529407704;Return; -0.0552428684503004
random; 0.06527369446874721;probabilistic; 0.041577364011288115;discrete; 0.03974662168118771;probability; 0.03959489862443197;variables; 0.038286469844357233;experiment; 0.03335447192487739
outcomes; 0.03539878530800971;probability; 0.03276505889613374;event; 0.03209317793084565;probabilities; 0.024210541753012123;outcome; 0.018388965387096255;sample; 0.018241477110390866
row; 0.10063019806449916;column; 0.08347385325121495;determinant; 0.054262584089474375;matrix; 0.04415834433264737;triangular; 0.03590097864844252;Return; -0.03077078321728074
character; 0.04270484811895113;Comma; 0.03556613665144096;neural; -0.02727926982358867;sort; 0.027257178300180523;Period; 0.020673593401942435;Return; 0.018050351539380942
probabilities; 0.10496338809902907;conditional; 0.06758233436641305;Bayes; 0.04755844307777642;beliefs; 0.04607346804044771;Return; -0.030838688217673677;incorporating; 0.030827353776549795
heap; 0.13321068777045672;max; 0.12139122954983415;heaps; 0.05616015209598223;Return; -0.05519445184251309;PROFESSOR; 0.05127069899323039;AUDIENCE; 0.046147244776314315
curl; 0.11284517752578954;field; 0.10306011088661726;Return; -0.0663351352250176;rotation; 0.04594253832827944;electric; 0.04498998779896677;force; 0.042867565370707995
Period; -0.1018178266624691;Right_Para; 0.08850662154641016;Left_Para; 0.08652326280646329;cos; 0.08027091788438066;theta; 0.07157321055500573;area; 0.07039742315845648
codomain; 0.05662529095753008;member; 0.05503727679794929;R3; 0.04930848960843287;mapping; 0.03826085880798777;R2; 0.036693015551502575;Return; -0.026842308963533797
hash; 0.1785674342094142;Return; -0.08220106106836224;hashing; 0.08070041319412787;table; 0.06489152161764834;insert; 0.052389725239475445;Period; -0.04927810747342134
Left_Para; 0.10807274942606623;Right_Para; 0.10776108627047327;x_0; 0.10343208989730295;Return; -0.07591147778063224;ln; 0.07517442743971088;Period; -0.07273927557584255
subspace; 0.0709834854482471;vector; 0.055066430626592416;matrix; 0.05140916183309405;row; 0.041184447757515195;null; 0.03648278528822667;Comma; -0.036142664415695414
Laplace; 0.2952994971871339;transform; 0.16238632035677936;Return; -0.05111639835961095;2s; 0.04250814745123756;Period; -0.029051376914580034;shifted; 0.02710408950563401
pivot; 0.032736316759254584;linearly; 0.02452012074322047;columns; 0.021421474434008502;echelon; 0.017432832068381553;null; 0.016808200491632227;basis; 0.013734832798930894
Return; -0.13011170842725678;entropy; 0.10273419102534273;log; 0.0998762911193721;phi; 0.08575659956400032;energy; 0.05914801673584479;particles; 0.05729006147524701
transpose; 0.05176645100678654;matrix; 0.03130413475405071;entries; 0.028765094179902303;column; 0.026616964891008364;entry; 0.025950286894489423;identity; 0.025123285136397205
transformation; 0.03218828818163463;matrix; 0.028565838670511153;vector; 0.024141198402218827;column; 0.02409459998132265;composition; 0.017260215254684966;Return; -0.01453536776619679
cos; 0.20975288148197543;sin; 0.13990167163382075;Left_Para; 0.08861735713023432;Right_Para; 0.08720762327905414;Period; -0.062091915155284144;Return; -0.05185929267849695
Comma; 0.023704199224752337;to; 0.02088071179829589;OK; -0.020223586326786704;equation; 0.019956937471410228;Period; 0.01911930367119904;cosine; 0.017281801491245197
differential; 0.07798817999690738;2x; 0.07472226394045196;initial; 0.06217026572990608;dx; 0.0616240798880119;antiderivative; 0.059726345307076725;Return; -0.057272931044202835
DFS; 0.11780733235962851;edge; 0.08199060645629666;PROFESSOR; 0.07910217156259021;AUDIENCE; 0.07879254348006284;Period; -0.0726546049698173;edges; 0.07085096259250924
DEVADAS; 0.14164662437871148;SRINI; 0.13086966707166106;PROFESSOR; 0.08288554990209983;cache; 0.07074876680554373;Period; -0.06358013712765014;Return; -0.05537549393705521
shortest; 0.1343286902562231;search; 0.09678128651159602;path; 0.0872842692309543;Return; -0.0862047352860011;vertex; 0.07614088835162927;Dijkstra; 0.07152582932396154
address; 0.012267037849120121;subtree; 0.010981115062949959;Node; 0.010839438015711446;node; 0.010291965626664377;tree; 0.008544189272792147;insert; 0.00844271098618011
PDF; 0.09741455737994387;conditional; 0.07214456076260124;variance; 0.056291415145982626;expectation; 0.03729956663552668;12; 0.034156230200169196;uniformly; 0.031182350140772495
cache; 0.09978083745739877;Return; -0.06072628223906374;algorithm; 0.05395921979787856;DEMAINE; 0.04138569289195216;cost; 0.03961571700215107;ERIK; 0.038436038777420994
tan; 0.09249508175386219;secant; 0.09147220907524116;cos; 0.0909982717200283;sec; 0.08591940809523692;Period; -0.07718365414751872;trig; 0.07202652575445734
Return; -0.11593698711169076;theta; 0.08629711110581006;Tn; 0.07575022469430866;Slutsky; 0.06539303001489248;Gaussian; 0.062217177773832455;hat; 0.05796057690643605
attribute; 0.11060828481977132;wheels; 0.06979695378705378;self; 0.05854529269140213;BELL; 0.051846809736654884;return; 0.041051799531500364;Return; -0.03637172104315296
probability; 0.0639290554908069;conditional; 0.05509703080295671;random; 0.05203749125164347;event; 0.045500920613824894;probabilities; 0.044991690723562294;Return; -0.038191975041102624
Okay; 0.10209309579014804;gonna; 0.0818172148262206;okay; 0.06555360386870843;Comma; -0.06554328845865885;covariance; 0.059716261629145985;beta; 0.0582276446762077
Return; -0.11502319424957529;dz; 0.08391735000664419;partial; 0.08257485371784663;held; 0.06773278190802023;gradient; 0.05642643021141397;derivatives; 0.04821126673996781
pivot; 0.010679191804045257;span; 0.008596293436015937;columns; 0.008542456319513924;column; 0.008250159115467354;vectors; 0.007589782847780674;x4; 0.006593626934422929
vector; 0.030002976284847754;vectors; 0.025290765725630382;span; 0.024953875167708105;R2; 0.02056384767267268;linearly; 0.018908558299339198;Return; -0.014672738154367971
null; 0.02544243357000568;matrix; 0.02380882931239462;row; 0.022387907033637792;pivot; 0.01984734310564743;column; 0.01928442737804357;pivots; 0.017819680654085054
differential; 0.11553914736935805;DX; 0.06948855059815927;initial; 0.0626472603261491;sides; 0.05559637878418973;separable; 0.05250753325856332;Period; -0.04987102904528447
edge; 0.10442383054152816;Return; -0.09402815754570261;vertex; 0.09060535669980407;Vi; 0.07228286497207878;graph; 0.06441994489500191;edges; 0.06216101471820911
gt; 0.038716999278142955;Semicolon; 0.026985366659506526;hello; 0.015673187975475653;program; 0.013535299387451714;CS50; 0.012009640289561429;string; 0.011339364168388238
search; 0.061698061989438675;tree; 0.05578130817669434;you; 0.05116436915852567;finger; 0.04735137819573713;keys; 0.04423020162701182;Return; -0.03848598195350406
VC; 0.28463775427536164;shatter; 0.0799519728275409;dimension; 0.07138861218604196;Period; -0.07123071299017088;Return; -0.06175874886636396;Comma; -0.059079428327229254
program; 0.10109289238377978;bug; 0.09203475915055197;debugging; 0.07773642312092421;Return; -0.07078632995865324;Period; -0.06404916029364766;debug; 0.0638983149581739
Laplace; 0.10272906558472375;transform; 0.06885229168064907;st; 0.057375425101654366;prime; 0.03183892375345395;c1; 0.019435438756157494;Return; -0.01921804896152205
DX; 0.10429679258385495;sides; 0.08090819088003248;DY; 0.07977495643714323;Comma; -0.07654319384208842;negative; 0.07265828237334904;gonna; 0.07255525947440845
probability; 0.2013827317967977;Period; -0.05642698877059939;coin; 0.05057018443822413;event; 0.04303963602444679;sample; 0.032363014560914845;Return; -0.03046087428012251
probability; 0.12483197070105133;probabilities; 0.059860761034831456;got; -0.03085472461130499;Period; -0.030147668814392445;data; -0.027349814158315087;coin; 0.02620740594518372
print; 0.2033104209569508;gold; 0.06957342984649419;Python; 0.053400572155293854;Perfect; 0.04916758626300683;majority; 0.04631044881967982;75; 0.04269952822925235
row; 0.016687159941492995;vector; 0.01576933304649125;column; 0.013033177178845492;echelon; 0.01183727226794575;R3; 0.01176464289380485;pivot; 0.011434358578426576
Return; -0.08521924495904526;simulation; 0.06603995228204747;darts; 0.054911802404599086;simulations; 0.054709588036593045;got; 0.04667374829796083;code; 0.045965403287285
Return; -0.09904119682445196;DP; 0.08980781661104276;shortest; 0.08558092470957339;cards; 0.08085768355125866;paths; 0.07014559536325514;VICTOR; 0.07001277629487139
random; 0.05860146562072235;probability; 0.054273783358568924;conditional; 0.04933737669453135;probabilities; 0.047238656813594744;expected; 0.04044031116380979;Return; -0.03525274065375882
Return; -0.12920350836492026;gas; 0.12150235728439766;temperature; 0.11246261023723106;heat; 0.11038870151290464;temperatures; 0.06470202734819845;energy; 0.06441212300362541
complex; 0.11504315133560161;cosine; 0.0964992390324803;Return; -0.07919863436716448;sine; 0.07747149839154967;Comma; -0.06654494748806666;exponential; 0.052782847240355035
target; 0.14367136438308747;overfitting; 0.1350501913865396;noise; 0.1097902641299236;Return; -0.08127823408905038;Comma; -0.0760474950154141;hypothesis; 0.07338183422235908
gonna; 0.11341490311702057;Return; -0.040850079446283;Okay; 0.04052844774745342;probability; 0.040333096028827134;gt; 0.03330280920550107;distribution; 0.031104787300184775
transpose; 0.019218948661666173;vector; 0.017243356629958063;null; 0.015418941063509613;matrix; 0.014294319515366815;columns; 0.014205136943745212;invertible; 0.012917941902908655
cosine; 0.11765696066606361;sine; 0.10477890197520774;nt; 0.09410654361963211;Return; -0.08446420994895623;pi; 0.0817747585370757;Comma; -0.06079904631234477
Comma; -0.09691832859511174;learning; 0.09090369598210336;VC; 0.07882685613655595;training; 0.07791122054375708;Return; -0.07518983218941558;hypothesis; 0.07493761493989938
Laplace; 0.16224252301796255;Transform; 0.13694585787847177;Return; -0.022184403620935586;2s; 0.018556499765653517;differential; 0.016132671591815726;at; 0.015311983071694204
algorithm; 0.06366293177962462;median; 0.05480394824994479;merge; 0.04214158864757525;Comma; -0.03825796938339067;recurrence; 0.0367430002460816;complexity; 0.03645788747975884
xy; -0.25100182533829324;BELL; 0.12985112461814938;Python; 0.07393154382074096;characters; 0.05855842837917626;name; 0.046935692192817374;variable; 0.042740557394964254
stack; 0.07809294494419329;pop; 0.04261526076440821;push; 0.03537426140908303;operation; 0.027942515728754135;lesson; 0.02728341224452665;Return; -0.024252588395607004
gt; 0.21568820906854153;Semicolon; 0.13457713340619126;internet; 0.03437512141277717;code; 0.027638465108384986;Return; -0.026554866716523625;Comma; -0.023164560998857126
classification; 0.10893003949495743;regression; 0.10852889414493948;perceptron; 0.09900967788428729;Period; -0.08983441536060913;learning; 0.08670327478545176;Return; -0.08032726859862711
probability; 0.054975216708369;outcomes; 0.04523807349213316;boxes; 0.040909463821754054;Comma; -0.036301541792652436;heads; 0.034381648792661104;dots; -0.027713205323924635
L1; 0.1270756527788853;BELL; 0.09493161231390203;L2; 0.07139553650718902;object; 0.06266660820865062;mutated; 0.06128660960782431;juice; 0.03840984682350837
AVL; 0.09635092666350141;AUDIENCE; 0.07481257846807059;PROFESSOR; 0.07407199362554956;tree; 0.06516470729926566;Period; -0.06278061908010443;Fibonacci; 0.0586340165770919
matrix; 0.04370090731895239;column; 0.03939883290026037;columns; 0.03889949576248054;row; 0.0351651508809673;rows; 0.030956208287331345;Return; -0.0217798025699743
object; 0.06306441738699559;attribute; 0.055339337237067014;class; 0.04973927694783147;Python; 0.04885714889430692;instance; 0.04785027195293745;Return; -0.04628871771734846
particles; 0.06721736809135;Return; -0.06409010744992742;temperature; 0.052933458389812636;pressure; 0.05279630445267594;beta; 0.04824006148244127;bosons; 0.04680256678643147
shock; 0.1052289522805073;Return; -0.09196263309808154;Comma; -0.06779962414886141;characteristics; 0.06535198805584641;Period; -0.04868257426108587;conservation; 0.04641331078499336
query; 0.06345037771727692;Return; -0.05946244884135974;log; 0.0583209993062448;merge; 0.05015077434598035;cache; 0.0483919304254361;DEMAINE; 0.04722468978841562
Return; -0.07419874297856931;log; 0.06462256479772764;ERIK; 0.06062152532160713;DEMAINE; 0.05944894556299917;certificate; 0.05421566867188617;subtree; 0.053003343826228386
matrix; 0.08476237600432385;column; 0.08212261658555883;x_3; 0.05366301014348551;determinant; 0.05304828333547692;x_2; 0.05275205025080031;prime; -0.04465440689952689
vertex; 0.1009109149087306;NP; 0.09243909980568213;clique; 0.08343678248475682;vertices; 0.08195679166357295;clauses; 0.08164787659022595;Return; -0.05524335062605357
state; 0.10289845702857375;matrix; -0.09563494804708954;vector; -0.07482760378360435;ergodic; 0.07171942307860737;states; 0.07165880707001386;steady; 0.06707093373708566
PDF; 0.05577748079256335;dt; -0.053931525498116556;probability; 0.05161984519914113;expectation; 0.04252632301258876;fx; 0.04105891988266695;events; 0.036188238406100415
spanning; 0.16901692811028882;tree; 0.1124685663686813;edges; 0.08855066685016409;vertex; 0.0877222380569854;cycle; 0.08572080110846086;Return; -0.08191151119647387
row; 0.21922280556749343;matrix; 0.08267817536490908;Comma; -0.07070452891031984;column; 0.052475286620024424;triangular; 0.045522360613375536;Dash; 0.03927371675552384
null; 0.01117280311932216;member; 0.009150674558821377;R3; 0.009015904234665735;vector; 0.008882682613568189;transpose; 0.00856060392434764;orthogonal; 0.008243980928509314
matrix; 0.04684667880533288;null; 0.04503312083842346;rank; 0.04151331931278582;row; 0.03403274406644656;transpose; 0.03229939128847635;Comma; -0.0262709273093486
Zn; 0.09217856250849696;martingale; 0.05636878817365545;sub; 0.054681813807444135;expected; 0.0531480686475914;probability; 0.05184892094633402;Return; -0.049019601505039714
node; 0.057091228460010635;height; 0.053710908972392925;child; 0.047875636785107555;binary; 0.039575875560493544;nodes; 0.03778036321893746;tree; 0.03393775422082805
determinant; 0.08018775310790313;submatrix; 0.07087292346708933;row; 0.042421985497189695;matrix; 0.04197173993828628;column; 0.03286295625882323;Comma; -0.026378089776400018
matrix; 0.15192951633581675;q_1; -0.13526748068788944;q_2; -0.1125217463131591;orthogonal; 0.11011529251582093;vector; 0.09387241217276618;orthonormal; 0.08685090495277432
Lax; 0.2313184317357215;Return; -0.14943620585925624;Wendroff; 0.1257027141602204;Comma; -0.09135740941911402;stability; 0.09047693232950955;Friedrichs; 0.09009231121945728
probability; 0.07120551676526357;random; 0.06099434987695958;event; 0.054209516308515567;conditional; 0.044512938255778275;Return; -0.04381972982175079;probabilities; 0.04145840678499336
array; 0.08066094350501486;uh; 0.06962739313480866;insert; 0.06396249374354546;implementation; 0.04931155359704594;memory; 0.04242709399884628;the; -0.03878009230420464
orthogonal; 0.05811293667972742;matrix; 0.04952543460512642;eigenvalues; 0.0463999506661234;transpose; 0.045954315557344964;eigenvectors; 0.034857704747220386;Comma; -0.03280720538464199
Period; -0.06808959403330674;Left_Para; 0.0611117436682419;Right_Para; 0.059236796017349255;STUDENT; 0.05465751833325122;Return; -0.04906445715901253;denominator; 0.046640999487194
composition; 0.06691952623146426;matrix; 0.05110511693894895;transformation; 0.04050918337394133;vector; 0.02951369727038469;applied; 0.02831594495986701;Return; -0.023433202628279942
peak; 0.19634893545519735;Return; -0.10878986422772854;algorithm; 0.08148881076960805;algorithms; 0.05138769171874533;complexity; 0.04900555462308103;1D; 0.04413523584351649
PDF; 0.16076508603479517;probability; 0.09718553521560125;CDF; 0.06274413547195906;random; 0.05124960516457905;Return; -0.0379684208832892;invoke; 0.02488331397907068
regularization; 0.136609852607071;E_in; 0.09155274223205391;weights; 0.09124430293925102;Return; -0.08815240248087246;hypothesis; 0.0862096239806353;Comma; -0.07753770283922606
nonhomogeneous; 0.052473668014825815;4B; 0.04667805305442237;4C; 0.041803042800802735;solution; 0.039438765449128076;4x; 0.03830956697813929;homogeneous; 0.0318848459593901
cards; -0.1199874730935657;outcomes; 0.1194228401449033;slots; 0.10157711417484562;ace; -0.0956671260226672;probability; 0.08708432625372903;person; 0.08518396081050185
AUDIENCE; 0.09203072424726315;Period; -0.0728804724568574;PROFESSOR; 0.06740199889313443;Bellman; 0.05287884732407302;Ford; 0.05252948853901368;edges; 0.052128262411039655
ambient; 0.17544421237345875;temperature; 0.08617736863192724;differential; 0.0664140728147153;sides; 0.047331011940039816;kt; 0.040895279077291846;negative; 0.03677706935323517
sine; 0.15670905853354333;cosine; 0.12118629869046751;tau; 0.07344143112883739;convolution; 0.07180351811676004;integral; 0.04209931759419267;Return; -0.034291492140104095
AUDIENCE; 0.1410537722967933;PROFESSOR; 0.1326088218507265;AVL; 0.09288637424930146;tree; 0.05875524498296888;Return; -0.0528719073720653;nodes; 0.04459678091523352
population; 0.1555624427394425;differential; 0.12086554319303011;separable; 0.047402429153443316;kt; 0.04194669878775895;Comma; -0.039731984352233095;respect; 0.03661059453143029
drunk; 0.23850896734506358;simulation; 0.06603856339105187;Return; -0.06323156437321774;code; 0.057423645857882;cold; 0.04946089813981529;Comma; -0.0402355925784756
matrix; 0.1028813984828556;eigenvalues; 0.07164917393146976;Dash; 0.06915909769867463;exponential; -0.038236280167882074;matrixes; 0.03518730270612704;eigenvectors; 0.030101596404025346
Return; -0.12046068308930107;cumulant; 0.08136864738840635;momentum; 0.07897619278432598;cumulants; 0.07700719156970924;Gaussian; 0.061888325724386406;joint; 0.05918526937347442
node; 0.018961589312122613;Node; 0.018289790231042723;temp1; 0.01828278040385945;insert; 0.01742658739032079;temp2; 0.015464161980602001;head; 0.014086387042028137
neural; 0.11263916190343738;Return; -0.09931523410366463;layer; 0.08934011584982023;perceptron; 0.08026576265317768;MODERATOR; 0.08014155314933033;descent; 0.07757007542323247
sub; 0.03646904855420137;Markov; 0.035232604792665;state; 0.03295788943283892;steady; 0.029915383124715936;process; 0.02766028177126383;Return; -0.024177299705277266
covariance; 0.13266003918538244;variance; 0.07919220890067329;okay; 0.06834751342283919;Comma; -0.06706369668280424;gonna; 0.05866191016080624;Okay; 0.05175353798493959
neural; 0.10484530222901266;machine; 0.03968948363670012;translation; 0.03846752145125469;Return; -0.031777884740151155;target; 0.030932608965336634;training; 0.02821453218556054
Return; -0.0736636095174333;learning; 0.06389664472258658;arch; 0.06098660784446635;support; 0.05685071936596272;Comma; -0.05346856474280901;climb; 0.04036331560118575
gonna; 0.1087710719430478;LOTUS; 0.07105345058284683;okay; 0.06703786716154117;gt; 0.06136287550643771;Return; -0.05263512934536956;PDF; 0.05196330366372688
beta; 0.2097533173261644;Return; -0.09577535817269847;RIGOLLET; 0.07463662663996459;epsilon; 0.07301632280690362;PHILIPPE; 0.07106758888745515;estimator; 0.06666130965347815
probability; 0.09248056224850613;outcome; 0.0773241324377393;Period; -0.06616375804531607;conditional; 0.06391606638365734;PMF; 0.05093012569774207;unconditional; 0.04484811320850639
projection; 0.02794432036410523;vector; 0.026258343251722875;transformation; 0.020348081388219603;dot; 0.014992198815860863;matrix; 0.014786502495384332;scalar; 0.013616350794795277
Return; -0.07972123232270417;neural; 0.07728827340683266;sigmoid; 0.0681671642042058;net; 0.059834037188787076;Comma; -0.049108257887208046;Period; -0.03948705262884829
AUDIENCE; 0.19051154969439618;PROFESSOR; 0.1350857852854194;digits; 0.0783129620185681;Return; -0.05956406604677467;Comma; -0.05718574753317417;Period; -0.053401763901127886
theta; 0.11140428876527457;Return; -0.09536625360721493;Fisher; 0.07362733020353832;moments; 0.0714439475751668;psi; 0.06780105391017416;variance; 0.0650364700778701
pivot; 0.015122866442593367;row; 0.013903195334450558;column; 0.012343475748888147;echelon; 0.011148582185525337;span; 0.010562768787304349;basis; 0.009133290227646005
pivot; 0.04546800687813347;row; 0.04373503005493473;echelon; 0.032085428094768054;r3; 0.028251457788868155;Comma; -0.027121290547735405;augmented; 0.02402857742340009
neural; 0.046957261443685956;learning; 0.03318583028952986;architecture; 0.03235963200026903;Return; -0.02477237011049915;training; 0.02415462100459558;train; 0.02370630933178365
complement; 0.046816697361332586;probability; 0.04609820924116854;intersection; 0.03072531306057758;event; 0.01951451197973403;beliefs; 0.017129651880613772;occurrence; 0.015578200698093384
Return; -0.10005017624247449;energy; 0.09603096507687207;heat; 0.06818593984631327;entropy; 0.06722492753593771;equilibrium; 0.0648743990066286;temperature; 0.062091346696626845
Node; 0.019884807879191307;linked; 0.017093685432882182;temp; 0.013483346033427976;address; 0.012421837686718633;Lets; 0.009915742687621026;pointer; 0.009301535020383875
subspace; 0.033362255203648127;transpose; 0.02966987106968352;vector; 0.027571361681480458;vectors; 0.02616466802976758;matrix; 0.025236903671690264;column; 0.02158648494037592
okay; 0.12316267624919232;gonna; 0.08447767606837105;Okay; 0.07646965887984615;disease; 0.061376544480978505;Return; -0.06041181311055882;Comma; -0.053644391130167876
probability; 0.0869680345212366;threshold; 0.07205367564500717;sub; 0.04731176311688795;random; 0.046494906762156465;Return; -0.04611085939974651;expected; 0.04033570877092971
node; 0.03375064677779619;address; 0.033684499507984474;head; 0.024842482951835644;NULL; 0.02470853803998273;Node; 0.024195973495581596;linked; 0.0227704884300276
Node; 0.023863282426054597;address; 0.0230382633005608;node; 0.019269503030722744;150; 0.018607052768636067;250; 0.01844881211513521;till; 0.01544348522459517
outcomes; 0.0857847964073369;experiment; 0.06511036475954494;probability; 0.04484313050916984;Comma; -0.037966413072343705;Dash; -0.03179090460544376;Newton; -0.021091638551383057
gt; 0.04465597423765842;Semicolon; 0.02453164400659593;recurrent; -0.021837611040153873;neural; -0.01995229892640609;Comma; 0.01917042068551224;matrix; -0.01211979053225794
Return; -0.07927890906917077;theta; 0.07531828241509993;algorithm; 0.06214467377983441;sorting; 0.061482525692456776;merge; 0.057444024146601706;insertion; 0.04862435386904293
integral; 0.07830083424147821;dx; 0.05966139960688901;Return; -0.0587232568149271;Period; -0.05310857174781266;lt; 0.05290545811735827;Left_Para; 0.04999031865997552
LEIGHTON; 0.08740543040879638;TOM; 0.08588914074049299;Period; -0.07281327379026187;induction; 0.062079405936885386;Return; -0.05203774919509482;recurrence; 0.041871497952392575
hash; 0.19357886856799553;Return; -0.1005453340564396;DEVADAS; 0.08270664623508968;SRINIVAS; 0.07567027957252284;collision; 0.04981472876467058;Comma; -0.044702775634303187
outcomes; 0.05899613966295162;event; 0.047841661299685194;rolls; 0.03203088633523903;probability; 0.030924816864900725;sequence; 0.02482571353966299;Return; -0.020912252406292867
row; 0.024079724639070887;echelon; 0.01626557080087327;x4; 0.014424541005130811;pivot; 0.01354899812801779;vector; 0.013468689873071418;x2; 0.013120281305169833
FALSE; 0.1119980876918285;Return; -0.06891799524713808;TRUE; 0.06264342440393793;proposition; 0.061762548939795534;predicate; 0.05485863349159075;Period; -0.052608432196737824
Return; -0.10679922968460749;Period; -0.10164609974315988;WINSTON; 0.07869959448105263;PATRICK; 0.07831231211216005;features; 0.07579851284512641;neural; 0.0639095035976706
spanning; 0.09034035658046095;Euler; 0.05435395809483903;edge; 0.03997131596479654;you; 0.03620221618130758;edges; 0.032938872691841;connectivity; -0.02645629885657986
gonna; 0.13249994736008433;okay; 0.1165272751197345;Okay; 0.0939333644794212;Comma; -0.07320334722504955;Return; -0.0580492583564306;wanna; 0.055046948343096
learning; 0.11106628968029997;error; 0.10827812377020946;Return; -0.10261178617028414;target; 0.08927125072352668;MODERATOR; 0.07267944984720169;Comma; -0.07233344205319864
probabilities; 0.01549975467216936;conditional; 0.013975883177450415;additivity; 0.01388351978616832;probability; 0.013797885450839532;event; 0.013384168721805033;intersection; 0.012911826176169641
Euler; 0.1408683233569666;slope; 0.09189689147058887;Comma; -0.08216740759597536;Return; -0.05931034222182207;solution; 0.0526394087420316;differential; 0.05011179468787471
Return; -0.03878591782408157;training; 0.0378208398065523;filter; 0.037680479249004736;neural; 0.0354783257788211;pooling; 0.02934799326644946;Comma; -0.026133157749339216
sequence; 0.2207029659723853;converges; 0.10497660624897752;converge; 0.07020855195104415;convergence; 0.060162013262974774;Comma; -0.052187069743388104;ai; 0.04189456608139686
slope; 0.2141358256222217;differential; 0.15040610546314256;solution; 0.08687384585029195;Comma; -0.08045205511586213;equation; 0.046896640993119354;field; 0.04452890833610618
Return; -0.08038217997957992;energy; 0.07141957226243544;particles; 0.06781165758509315;gas; 0.05714818557286492;beta; 0.05139566229900794;equilibrium; 0.04854466305869005
Jacobi; -0.07743283846865243;eigenvalues; 0.07571965474695272;Dash; 0.06384439813911867;matrix; 0.05631899215752947;omega; -0.03581882943424445;Period; 0.034123630136250166
matrix; 0.07908362568865085;matrixes; 0.058046264908658406;transpose; 0.05566882009167957;columns; 0.04836581618539969;orthogonal; 0.045324955120513113;vector; 0.03679445665288828
null; 0.038679014735468954;vector; 0.029560270014568832;member; 0.021255433347122474;transformation; 0.020964135544351222;space; 0.020312736750401777;Ax; 0.01862118875764058
Return; -0.12124021299374027;temperature; 0.08784786317303078;c1; 0.07520114117891391;prime; 0.073330227812901;c2; 0.07119606970333106;initial; 0.06809050180556628
sample; 0.08631996704805449;nu; 0.08307475297439686;probability; 0.07554726898717984;bin; -0.052648254015478735;learning; -0.0431417760319022;mu; 0.03519069686742286
Return; -0.0963231419828456;algorithm; 0.08101012521573138;edges; 0.07177532370337462;vertex; 0.07022055453696553;vertices; 0.06499437945638549;optimum; 0.06034643452823984
chi; 0.07412240575080198;distribution; 0.06108679122750358;MGF; 0.06067607360515773;Gamma; 0.045938921582032846;multivariate; 0.04579994215246419;okay; 0.04518490411797444
transformation; 0.10845464349504634;vector; 0.03918966096887414;x1; 0.035252384452320804;x2; 0.03305825956482699;vectors; 0.02895794878390586;Return; -0.022552750095279638
Riemann; 0.07671831472825526;Period; -0.0676967523454239;Return; -0.06217819215839979;integral; 0.05782440959141527;Right_Para; 0.055063548359462415;Left_Para; 0.05366709430213308
basis; 0.05414887824231649;pivots; 0.045392841157548526;rows; 0.04080758231453653;vectors; 0.03962949421977179;Comma; -0.037215534415379115;elimination; 0.03423955615457476
probability; 0.13570760869721374;heads; 0.06349474666399983;random; 0.06054855663821602;Comma; -0.05873717191070991;sample; 0.03505921106875872;Period; -0.0326074816916978
event; 0.03569326639126553;outcomes; 0.026032812083334824;probability; 0.024795889639877104;occurred; 0.020365846468004156;conditional; 0.01973593020064522;probabilities; 0.018549968655344785
omega; 0.09093578611062954;salt; 0.0855388914923899;cosine; 0.08476450522086287;Return; -0.08410655328279446;amplitude; 0.07816890101566504;Comma; -0.07245949919187908
postfix; 0.03693563529363148;operand; 0.03360459351684311;stack; 0.03284432653871023;operands; 0.030367814938518;operator; 0.02713667202829752;infix; 0.01777727868303763
hash; 0.19920055083032512;hashing; 0.11098595366948173;log; 0.09494414173609755;Return; -0.09120886039682766;probing; 0.0773656435562079;Period; -0.06454537086363137
code; 0.08949534225194174;Return; -0.08278287324415842;print; 0.0717184430422757;Python; 0.07036894851470181;return; 0.0576594194993341;whoever; 0.05152083544836815
countable; 0.10894453032260469;uncountable; 0.08914292475551537;sequence; 0.08193734330565816;exhaust; 0.04178436985825735;interval; 0.038939958648050686;Return; -0.03696066990247525
row; 0.09412581428163921;matrix; 0.06082391402625474;transpose; 0.043703761551337796;elimination; 0.04223541113829363;matrices; 0.037849661247705606;Return; -0.03729445651565872
address; 0.014207825210262669;stack; 0.013065368154416519;linked; 0.012058838347938219;node; 0.011719465311668485;link; 0.009365836206900211;push; 0.00848216805468358
row; 0.12759368260176437;column; 0.07890822704579535;vector; 0.06644099471949043;matrix; 0.06466879186129887;Return; -0.05103438105708502;coordinate; 0.04625423609887413
probability; 0.05396294800473343;union; 0.039659439958330274;complement; 0.029831058567255528;disjoint; 0.02863833470873622;intersection; 0.025393081745469562;belong; 0.02339889617786895
MGF; 0.10435650033863487;okay; 0.09497704457747856;gonna; 0.07181131327630234;Comma; -0.06970804182729222;distribution; 0.05620323155736224;memoryless; 0.05158500856418463
alpha; 0.027215970668623277;Return; -0.026568393977351057;epsilon; 0.02552494871684142;noise; 0.022679106958306227;density; 0.019988295273175617;velocity; 0.018516414903463806
you; 0.04706272173392357;item; 0.037765382736593064;Question_Mark; 0.03656013274842029;successor; 0.0363546158927405;L1; 0.03379351753505418;And; 0.03310461687351684
population; 0.09966984664146494;constant; 0.054185628062382994;logistic; 0.05315061861093701;paste; 0.04814808937967927;sides; 0.04764425040484689;Comma; -0.03930314375785051
2x; 0.1196199100921798;prime; 0.09216528960603135;derivative; 0.06960816439705907;Return; -0.055620126139634685;initial; 0.052300234068504495;solution; 0.051410509376184646
die; 0.05234768528248426;expectation; 0.04554933631659747;heads; 0.044201754904527914;coin; 0.04419516375708109;outcome; 0.03807420315339705;n2; 0.03699120369963074
